date,open,high,low,close,volume
2023-01-01 00:00:00,100.0,101.4,99.08,100.03,7381
2023-01-01 01:00:00,99.72,100.37,99.33,100.06,8215
2023-01-01 02:00:00,101.02,102.08,100.47,101.68,5070
2023-01-01 03:00:00,104.09,104.3,103.67,105.23,7584
2023-01-01 04:00:00,103.6,104.28,103.1,103.44,9782
2023-01-01 05:00:00,103.12,103.56,102.06,102.85,8107
2023-01-01 06:00:00,106.38,106.4,104.1,107.3,3056
2023-01-01 07:00:00,108.01,108.48,106.79,108.31,7122
2023-01-01 08:00:00,107.0,107.27,105.21,107.21,7684
2023-01-01 09:00:00,108.16,108.86,106.14,107.67,4339
2023-01-01 10:00:00,107.15,107.39,106.03,108.06,5380
2023-01-01 11:00:00,106.16,106.64,104.42,105.85,6331
2023-01-01 12:00:00,106.67,108.24,105.2,106.34,7442
2023-01-01 13:00:00,102.59,102.99,102.26,102.44,5430
2023-01-01 14:00:00,99.05,99.59,98.68,99.43,4233
2023-01-01 15:00:00,97.93,100.72,96.8,98.09,4519
2023-01-01 16:00:00,95.95,97.19,94.84,95.73,9728
2023-01-01 17:00:00,96.55,96.89,95.05,96.42,1661
2023-01-01 18:00:00,94.8,94.87,93.58,95.27,4877
2023-01-01 19:00:00,92.12,92.58,91.52,91.48,7360
2023-01-01 20:00:00,94.82,95.15,94.49,94.67,8597
2023-01-01 21:00:00,94.39,96.36,94.05,95.01,8814
2023-01-01 22:00:00,94.52,94.77,94.34,94.49,5780
2023-01-01 23:00:00,91.83,91.86,91.71,91.35,9404
2023-01-02 00:00:00,90.83,90.9,89.01,91.25,5092
2023-01-02 01:00:00,91.03,91.35,89.12,92.37,7001
2023-01-02 02:00:00,88.94,89.92,88.01,89.21,9729
2023-01-02 03:00:00,89.6,90.55,89.36,89.31,4993
2023-01-02 04:00:00,88.53,88.7,88.33,88.91,9501
2023-01-02 05:00:00,88.01,88.45,87.98,88.89,6560
2023-01-02 06:00:00,86.95,87.13,86.04,87.43,2941
2023-01-02 07:00:00,90.17,91.24,89.19,90.91,6861
2023-01-02 08:00:00,90.15,90.42,89.47,90.12,8836
2023-01-02 09:00:00,88.24,88.53,87.94,88.87,7646
2023-01-02 10:00:00,89.69,89.91,88.83,90.23,8270
2023-01-02 11:00:00,87.5,88.58,86.87,87.78,4920
2023-01-02 12:00:00,87.87,88.0,87.76,87.79,3921
2023-01-02 13:00:00,84.42,84.44,83.35,83.73,7259
2023-01-02 14:00:00,82.18,83.0,80.41,81.92,3045
2023-01-02 15:00:00,82.51,83.6,82.37,82.22,7013
2023-01-02 16:00:00,83.72,84.3,81.84,84.13,5671
2023-01-02 17:00:00,84.01,84.28,83.63,84.0,4071
2023-01-02 18:00:00,83.82,84.98,82.44,84.25,6471
2023-01-02 19:00:00,83.31,85.34,82.75,83.55,7463
2023-01-02 20:00:00,80.85,81.46,80.62,80.89,1542
2023-01-02 21:00:00,79.68,79.73,79.53,79.9,1912
2023-01-02 22:00:00,78.95,80.29,78.87,78.56,8227
2023-01-02 23:00:00,80.62,81.51,79.08,80.78,6493
2023-01-03 00:00:00,81.17,81.98,80.41,80.77,2630
2023-01-03 01:00:00,78.31,78.49,77.55,78.53,5726
2023-01-03 02:00:00,78.82,79.29,78.57,78.19,9666
2023-01-03 03:00:00,78.21,78.56,77.12,78.18,5952
2023-01-03 04:00:00,77.15,77.25,76.82,77.2,8372
2023-01-03 05:00:00,78.1,78.52,77.88,78.25,2908
2023-01-03 06:00:00,79.71,80.83,78.31,79.21,8024
2023-01-03 07:00:00,81.19,81.75,80.54,80.96,4813
2023-01-03 08:00:00,79.83,80.37,79.61,79.5,6279
2023-01-03 09:00:00,79.34,81.04,78.92,79.04,8765
2023-01-03 10:00:00,79.86,80.01,79.76,79.88,6463
2023-01-03 11:00:00,81.42,81.54,80.17,81.53,4518
2023-01-03 12:00:00,80.64,80.71,78.56,80.31,4853
2023-01-03 13:00:00,80.34,81.66,79.55,80.78,9921
2023-01-03 14:00:00,78.56,79.01,77.28,78.41,1770
2023-01-03 15:00:00,76.68,76.84,75.84,76.41,4194
2023-01-03 16:00:00,77.93,77.95,77.33,78.02,8920
2023-01-03 17:00:00,80.04,81.29,79.67,80.89,3919
2023-01-03 18:00:00,79.93,80.91,78.96,80.6,5186
2023-01-03 19:00:00,81.53,81.87,81.45,81.25,9618
2023-01-03 20:00:00,82.12,82.56,81.36,82.19,1870
2023-01-03 21:00:00,81.06,82.21,79.78,80.94,4128
2023-01-03 22:00:00,81.65,82.54,81.15,81.2,9932
2023-01-03 23:00:00,84.16,84.42,84.1,84.49,8578
2023-01-04 00:00:00,84.1,86.05,83.77,84.18,2149
2023-01-04 01:00:00,86.73,87.0,86.29,86.98,7378
2023-01-04 02:00:00,82.19,82.83,81.09,81.43,4572
2023-01-04 03:00:00,83.54,83.96,81.74,83.06,5641
2023-01-04 04:00:00,83.68,83.69,82.98,83.72,4425
2023-01-04 05:00:00,83.18,83.26,82.71,83.43,3742
2023-01-04 06:00:00,83.33,83.48,82.7,83.56,4114
2023-01-04 07:00:00,80.02,80.74,79.98,80.09,8402
2023-01-04 08:00:00,79.67,79.69,79.02,80.22,2573
2023-01-04 09:00:00,80.24,80.69,78.21,80.26,2317
2023-01-04 10:00:00,82.61,83.11,82.46,82.63,9692
2023-01-04 11:00:00,81.75,82.19,80.28,81.49,5555
2023-01-04 12:00:00,80.43,81.19,80.32,79.95,6576
2023-01-04 13:00:00,79.63,80.1,78.86,79.79,1552
2023-01-04 14:00:00,81.08,81.26,79.87,81.14,9853
2023-01-04 15:00:00,81.62,81.89,81.16,81.45,2092
2023-01-04 16:00:00,80.75,81.25,80.51,80.59,5584
2023-01-04 17:00:00,81.58,81.72,80.33,81.95,6615
2023-01-04 18:00:00,81.74,83.83,80.98,81.18,4309
2023-01-04 19:00:00,83.32,83.51,82.32,83.19,7602
2023-01-04 20:00:00,82.15,82.63,80.02,81.93,5817
2023-01-04 21:00:00,81.61,81.93,80.8,81.6,5931
2023-01-04 22:00:00,80.97,81.94,80.85,80.96,2350
2023-01-04 23:00:00,78.6,79.34,77.69,78.26,5284
2023-01-05 00:00:00,79.07,80.15,77.79,79.65,9028
2023-01-05 01:00:00,79.48,79.65,78.57,79.04,4938
2023-01-05 02:00:00,79.49,80.03,79.1,80.35,6934
2023-01-05 03:00:00,79.12,79.6,78.9,79.43,6525
2023-01-05 04:00:00,76.88,76.9,76.3,77.05,5609
2023-01-05 05:00:00,76.23,76.75,76.06,76.27,1763
2023-01-05 06:00:00,75.71,75.99,75.57,75.2,4147
2023-01-05 07:00:00,74.49,75.22,73.99,74.93,2666
2023-01-05 08:00:00,74.25,75.13,73.72,74.62,6621
2023-01-05 09:00:00,74.85,75.42,73.92,74.67,2092
2023-01-05 10:00:00,77.68,78.71,77.25,77.85,1377
2023-01-05 11:00:00,77.95,79.64,76.81,78.65,7732
2023-01-05 12:00:00,78.35,78.77,77.51,78.21,9352
2023-01-05 13:00:00,78.23,78.89,77.77,77.73,4888
2023-01-05 14:00:00,75.23,76.78,74.4,75.15,8982
2023-01-05 15:00:00,75.19,75.4,74.18,75.53,8343
2023-01-05 16:00:00,75.28,75.41,75.07,75.19,8577
2023-01-05 17:00:00,78.99,80.26,78.29,79.28,6905
2023-01-05 18:00:00,78.69,78.83,77.67,78.84,8360
2023-01-05 19:00:00,79.16,79.68,79.14,78.57,8566
2023-01-05 20:00:00,79.11,79.35,77.76,79.2,3677
2023-01-05 21:00:00,77.26,79.27,75.86,77.5,8859
2023-01-05 22:00:00,79.02,80.04,78.49,78.97,1083
2023-01-05 23:00:00,80.21,81.19,79.55,79.84,9926
2023-01-06 00:00:00,81.48,81.65,80.79,81.24,5995
2023-01-06 01:00:00,80.0,80.47,79.42,80.58,2692
2023-01-06 02:00:00,82.24,83.23,81.74,82.19,7848
2023-01-06 03:00:00,79.94,79.95,78.78,79.5,2339
2023-01-06 04:00:00,80.88,81.46,80.57,81.57,8975
2023-01-06 05:00:00,84.42,84.76,82.98,85.03,4713
2023-01-06 06:00:00,82.75,84.01,81.7,82.52,6780
2023-01-06 07:00:00,81.81,83.9,81.71,81.53,6053
2023-01-06 08:00:00,81.97,83.66,80.98,82.39,3428
2023-01-06 09:00:00,81.15,81.63,81.14,81.68,1693
2023-01-06 10:00:00,78.63,78.76,78.27,78.9,8097
2023-01-06 11:00:00,78.74,79.49,76.55,79.05,2327
2023-01-06 12:00:00,77.06,77.62,75.63,77.03,6384
2023-01-06 13:00:00,77.79,77.89,77.65,78.02,4791
2023-01-06 14:00:00,76.36,77.3,75.92,76.28,8558
2023-01-06 15:00:00,78.73,79.49,77.79,77.97,6289
2023-01-06 16:00:00,77.5,77.88,76.63,77.55,3688
2023-01-06 17:00:00,77.0,78.36,76.2,76.92,8577
2023-01-06 18:00:00,78.25,78.65,77.83,77.79,2201
2023-01-06 19:00:00,76.33,78.52,76.17,76.18,5468
2023-01-06 20:00:00,76.67,77.95,76.32,76.44,6492
2023-01-06 21:00:00,78.68,79.05,78.37,78.45,6912
2023-01-06 22:00:00,76.15,76.22,75.99,75.81,9156
2023-01-06 23:00:00,76.43,77.06,75.79,76.08,7834
2023-01-07 00:00:00,76.83,77.97,76.62,76.82,1302
2023-01-07 01:00:00,78.03,78.61,77.95,77.59,4699
2023-01-07 02:00:00,76.1,76.66,75.88,76.12,9431
2023-01-07 03:00:00,74.09,74.47,74.01,73.86,3341
2023-01-07 04:00:00,74.86,75.46,73.92,74.97,5175
2023-01-07 05:00:00,75.31,76.33,75.25,75.44,4145
2023-01-07 06:00:00,75.68,76.24,75.07,75.76,5710
2023-01-07 07:00:00,76.21,77.08,75.98,76.27,7370
2023-01-07 08:00:00,75.17,75.79,75.11,74.77,2491
2023-01-07 09:00:00,75.52,77.73,75.18,76.28,4705
2023-01-07 10:00:00,75.96,76.43,74.4,75.97,8257
2023-01-07 11:00:00,74.88,75.42,74.39,74.86,8076
2023-01-07 12:00:00,77.67,78.17,77.05,77.48,7810
2023-01-07 13:00:00,78.41,79.15,77.27,78.44,8900
2023-01-07 14:00:00,76.54,76.76,75.34,76.88,5848
2023-01-07 15:00:00,77.54,77.6,76.79,77.54,6911
2023-01-07 16:00:00,76.03,76.36,75.16,76.08,3584
2023-01-07 17:00:00,77.23,78.34,76.95,77.76,6711
2023-01-07 18:00:00,79.02,79.37,78.01,79.05,2421
2023-01-07 19:00:00,77.72,78.38,76.96,77.98,3850
2023-01-07 20:00:00,79.22,79.48,78.9,78.84,4962
2023-01-07 21:00:00,79.87,80.21,79.29,79.95,8941
2023-01-07 22:00:00,81.19,81.21,80.04,81.15,9856
2023-01-07 23:00:00,84.27,84.65,83.3,84.87,2493
2023-01-08 00:00:00,83.85,84.01,83.03,84.35,7474
2023-01-08 01:00:00,82.59,84.73,81.92,82.84,8723
2023-01-08 02:00:00,81.12,81.26,80.05,80.71,5240
2023-01-08 03:00:00,79.8,80.71,79.66,80.32,4220
2023-01-08 04:00:00,79.67,80.71,79.66,79.28,7408
2023-01-08 05:00:00,80.22,80.62,79.76,80.05,4131
2023-01-08 06:00:00,80.66,81.96,80.4,81.15,4171
2023-01-08 07:00:00,82.0,83.24,81.91,82.5,9811
2023-01-08 08:00:00,82.02,82.76,81.75,81.53,7176
2023-01-08 09:00:00,84.4,85.4,84.06,84.62,8533
2023-01-08 10:00:00,83.95,84.69,82.82,84.01,3747
2023-01-08 11:00:00,88.52,90.24,87.61,87.94,9444
2023-01-08 12:00:00,89.63,89.94,89.19,89.91,3342
2023-01-08 13:00:00,88.09,89.07,87.85,88.38,6043
2023-01-08 14:00:00,86.21,86.32,85.37,86.68,5919
2023-01-08 15:00:00,87.04,87.14,86.82,87.01,1996
2023-01-08 16:00:00,86.65,87.11,86.57,86.79,3520
2023-01-08 17:00:00,87.89,88.05,87.5,88.22,9196
2023-01-08 18:00:00,88.72,89.37,88.17,88.3,8464
2023-01-08 19:00:00,88.59,89.55,88.0,88.42,2013
2023-01-08 20:00:00,87.09,87.41,85.49,86.99,1111
2023-01-08 21:00:00,84.45,84.74,82.86,84.32,6385
2023-01-08 22:00:00,83.7,84.58,82.8,84.09,9030
2023-01-08 23:00:00,85.13,86.59,84.5,84.85,1312
2023-01-09 00:00:00,85.49,85.55,84.5,85.1,1844
2023-01-09 01:00:00,83.36,83.56,83.14,83.63,8463
2023-01-09 02:00:00,83.65,83.81,82.81,82.52,3852
2023-01-09 03:00:00,84.3,84.87,83.05,84.15,6417
2023-01-09 04:00:00,82.81,82.92,82.02,83.47,6325
2023-01-09 05:00:00,83.06,84.15,82.22,83.39,5611
2023-01-09 06:00:00,83.16,83.36,82.46,84.06,9554
2023-01-09 07:00:00,81.26,81.4,80.06,81.51,5556
2023-01-09 08:00:00,81.84,82.35,81.68,81.53,5252
2023-01-09 09:00:00,82.76,83.85,82.57,81.9,2764
2023-01-09 10:00:00,84.55,85.82,83.91,84.58,1049
2023-01-09 11:00:00,86.33,87.59,85.39,86.08,6148
2023-01-09 12:00:00,83.95,85.53,83.86,83.89,1783
2023-01-09 13:00:00,82.38,82.93,81.65,82.49,4107
2023-01-09 14:00:00,83.23,84.12,83.21,84.02,9935
2023-01-09 15:00:00,84.08,84.13,83.75,83.81,4551
2023-01-09 16:00:00,84.95,86.48,83.6,85.06,6471
2023-01-09 17:00:00,91.49,91.96,90.65,91.25,9595
2023-01-09 18:00:00,92.54,92.98,92.4,93.28,2030
2023-01-09 19:00:00,94.64,95.49,93.85,93.59,4321
2023-01-09 20:00:00,96.45,96.65,95.49,96.38,1721
2023-01-09 21:00:00,97.7,97.78,97.2,97.62,7017
2023-01-09 22:00:00,97.09,98.14,95.72,97.04,6724
2023-01-09 23:00:00,98.56,98.58,98.36,98.93,8863
2023-01-10 00:00:00,97.04,97.63,96.69,96.48,1105
2023-01-10 01:00:00,96.58,96.68,94.94,96.26,5374
2023-01-10 02:00:00,95.64,96.16,95.55,95.72,4088
2023-01-10 03:00:00,95.8,96.78,94.98,96.41,8610
2023-01-10 04:00:00,100.23,100.88,98.45,99.63,3756
2023-01-10 05:00:00,96.49,97.37,96.23,97.18,8185
2023-01-10 06:00:00,97.81,98.09,97.56,97.75,3869
2023-01-10 07:00:00,94.66,95.42,92.92,95.21,6409
2023-01-10 08:00:00,93.76,94.73,92.71,93.25,4874
2023-01-10 09:00:00,95.81,96.2,94.88,95.6,1229
2023-01-10 10:00:00,95.93,97.19,94.59,95.66,4686
2023-01-10 11:00:00,93.86,94.06,92.82,93.31,6452
2023-01-10 12:00:00,92.52,93.66,91.97,92.51,7194
2023-01-10 13:00:00,93.78,94.04,93.73,93.24,1247
2023-01-10 14:00:00,92.41,92.91,92.4,92.2,1278
2023-01-10 15:00:00,92.81,92.91,91.79,92.64,1210
2023-01-10 16:00:00,92.89,93.13,91.41,93.15,2045
2023-01-10 17:00:00,91.68,91.95,91.59,91.78,8995
2023-01-10 18:00:00,95.61,96.73,95.26,95.56,4469
2023-01-10 19:00:00,96.82,97.26,96.31,95.84,2387
2023-01-10 20:00:00,92.9,94.51,90.83,93.2,4963
2023-01-10 21:00:00,93.25,93.71,92.26,92.84,2751
2023-01-10 22:00:00,92.01,92.17,91.58,91.1,6224
2023-01-10 23:00:00,93.58,94.28,93.42,93.06,6636
2023-01-11 00:00:00,92.1,94.43,91.84,92.61,6585
2023-01-11 01:00:00,91.89,93.69,91.48,91.3,1355
2023-01-11 02:00:00,92.82,95.27,91.42,92.93,5800
2023-01-11 03:00:00,94.42,94.86,94.08,94.56,8147
2023-01-11 04:00:00,92.16,92.73,91.82,92.33,5350
2023-01-11 05:00:00,91.54,91.57,91.31,92.02,4377
2023-01-11 06:00:00,90.67,91.49,90.08,90.4,5601
2023-01-11 07:00:00,89.49,90.72,87.05,89.36,8790
2023-01-11 08:00:00,92.64,92.7,92.38,92.89,6161
2023-01-11 09:00:00,93.4,94.0,92.31,93.3,9037
2023-01-11 10:00:00,91.04,91.58,88.36,91.34,1172
2023-01-11 11:00:00,92.71,92.89,90.9,92.6,7504
2023-01-11 12:00:00,96.65,97.39,96.25,96.18,8239
2023-01-11 13:00:00,98.64,100.0,97.76,98.3,9617
2023-01-11 14:00:00,95.64,96.56,95.15,95.99,7664
2023-01-11 15:00:00,94.72,95.21,94.32,94.44,7920
2023-01-11 16:00:00,97.12,98.27,96.43,97.29,1797
2023-01-11 17:00:00,95.74,96.77,94.96,95.73,4667
2023-01-11 18:00:00,96.59,97.25,96.45,96.21,8274
2023-01-11 19:00:00,98.09,98.39,98.06,98.39,3696
2023-01-11 20:00:00,96.27,96.27,95.48,96.59,1452
2023-01-11 21:00:00,96.16,97.06,96.0,95.82,3657
2023-01-11 22:00:00,89.92,90.62,89.08,90.3,3893
2023-01-11 23:00:00,88.08,88.25,86.72,88.02,6764
2023-01-12 00:00:00,87.64,87.69,87.39,88.23,2106
2023-01-12 01:00:00,85.45,86.57,85.44,85.88,5044
2023-01-12 02:00:00,88.24,89.83,87.15,88.33,3177
2023-01-12 03:00:00,85.72,86.14,84.99,85.95,8235
2023-01-12 04:00:00,84.96,85.86,82.62,85.13,3442
2023-01-12 05:00:00,85.18,85.62,83.62,85.17,2204
2023-01-12 06:00:00,87.64,88.1,87.5,87.28,1001
2023-01-12 07:00:00,85.12,86.08,84.59,85.13,3485
2023-01-12 08:00:00,87.1,87.39,86.97,87.46,3846
2023-01-12 09:00:00,87.12,87.88,86.88,86.78,3433
2023-01-12 10:00:00,85.41,85.82,84.66,85.52,4904
2023-01-12 11:00:00,86.2,86.37,86.0,86.52,9676
2023-01-12 12:00:00,86.54,86.77,86.04,85.49,6694
2023-01-12 13:00:00,85.5,85.62,85.06,85.15,6997
2023-01-12 14:00:00,85.62,85.7,85.45,85.36,8036
2023-01-12 15:00:00,84.96,85.23,84.59,85.02,4240
2023-01-12 16:00:00,85.16,85.16,84.64,84.54,2879
2023-01-12 17:00:00,86.28,88.26,85.07,85.67,1471
2023-01-12 18:00:00,89.02,89.42,87.73,89.17,2907
2023-01-12 19:00:00,86.82,87.08,86.49,87.73,8921
2023-01-12 20:00:00,90.52,91.13,89.55,89.82,2229
2023-01-12 21:00:00,86.99,87.7,85.88,87.34,3840
2023-01-12 22:00:00,86.72,87.75,85.3,86.33,9011
2023-01-12 23:00:00,87.74,88.3,86.97,87.12,1522
2023-01-13 00:00:00,88.24,88.27,87.35,88.56,1132
2023-01-13 01:00:00,87.14,87.58,85.81,86.64,1173
2023-01-13 02:00:00,86.77,86.97,85.91,85.66,5778
2023-01-13 03:00:00,85.92,86.08,85.85,85.92,5176
2023-01-13 04:00:00,84.91,84.92,84.44,84.4,7965
2023-01-13 05:00:00,86.35,87.31,86.24,87.02,9784
2023-01-13 06:00:00,86.96,87.55,86.45,86.81,1157
2023-01-13 07:00:00,85.76,86.25,84.92,85.44,5661
2023-01-13 08:00:00,87.3,88.38,86.02,87.37,8623
2023-01-13 09:00:00,87.84,87.88,87.25,88.14,5121
2023-01-13 10:00:00,89.27,90.7,88.53,89.22,7726
2023-01-13 11:00:00,90.39,91.88,89.76,90.37,9620
2023-01-13 12:00:00,88.89,88.91,88.69,88.33,2762
2023-01-13 13:00:00,87.9,88.44,87.6,87.46,8031
2023-01-13 14:00:00,89.21,90.2,88.99,89.43,4493
2023-01-13 15:00:00,90.3,91.33,89.24,90.68,4106
2023-01-13 16:00:00,90.26,90.47,89.84,90.71,7369
2023-01-13 17:00:00,90.47,90.54,89.49,90.4,9621
2023-01-13 18:00:00,92.79,94.28,92.61,93.72,1686
2023-01-13 19:00:00,91.69,91.69,90.92,91.4,5136
2023-01-13 20:00:00,92.69,94.74,91.27,92.03,1449
2023-01-13 21:00:00,92.32,92.56,91.9,92.49,3177
2023-01-13 22:00:00,91.91,93.38,91.49,92.84,1657
2023-01-13 23:00:00,93.93,95.21,93.78,93.95,2710
2023-01-14 00:00:00,95.48,95.89,95.47,95.18,5292
2023-01-14 01:00:00,97.04,97.51,96.11,97.44,6765
2023-01-14 02:00:00,99.57,100.52,99.1,100.31,5490
2023-01-14 03:00:00,99.61,99.97,99.0,99.51,3058
2023-01-14 04:00:00,100.97,102.23,100.36,101.42,7559
2023-01-14 05:00:00,100.35,100.8,100.19,99.91,1262
2023-01-14 06:00:00,101.0,103.12,100.75,100.82,4580
2023-01-14 07:00:00,100.73,101.39,99.38,99.93,7788
2023-01-14 08:00:00,100.93,102.81,99.91,100.58,6076
2023-01-14 09:00:00,102.13,102.94,100.72,101.49,3163
2023-01-14 10:00:00,100.46,100.47,99.5,100.25,9554
2023-01-14 11:00:00,104.66,105.38,103.05,105.7,6220
2023-01-14 12:00:00,102.56,104.22,102.45,102.1,9046
2023-01-14 13:00:00,100.07,101.4,98.65,99.86,5287
2023-01-14 14:00:00,102.38,103.87,102.37,101.74,3984
2023-01-14 15:00:00,104.01,104.38,103.62,104.24,1640
2023-01-14 16:00:00,105.3,108.05,105.09,105.53,3989
2023-01-14 17:00:00,106.63,107.06,105.52,107.02,6891
2023-01-14 18:00:00,106.6,108.5,106.26,106.33,2150
2023-01-14 19:00:00,104.69,104.77,103.97,103.35,1491
2023-01-14 20:00:00,104.85,105.99,103.71,105.2,7677
2023-01-14 21:00:00,103.43,104.61,103.17,104.01,3726
2023-01-14 22:00:00,105.44,106.7,104.41,105.2,4338
2023-01-14 23:00:00,105.13,105.62,103.6,104.23,6949
2023-01-15 00:00:00,103.4,103.49,102.56,102.97,8025
2023-01-15 01:00:00,102.73,103.27,102.15,102.79,1381
2023-01-15 02:00:00,103.58,104.26,102.02,104.13,7831
2023-01-15 03:00:00,102.41,103.44,102.38,101.92,5580
2023-01-15 04:00:00,100.73,101.34,100.55,101.0,7428
2023-01-15 05:00:00,101.22,102.12,100.39,101.18,7251
2023-01-15 06:00:00,101.72,102.39,101.29,102.14,2757
2023-01-15 07:00:00,100.69,101.31,99.38,100.07,9806
2023-01-15 08:00:00,99.74,100.17,98.96,99.96,9523
2023-01-15 09:00:00,100.2,101.88,97.8,100.16,2467
2023-01-15 10:00:00,97.3,97.97,96.47,97.15,8550
2023-01-15 11:00:00,94.56,94.63,94.5,94.77,3114
2023-01-15 12:00:00,93.2,94.03,92.66,93.43,1465
2023-01-15 13:00:00,92.8,92.85,91.11,92.82,8763
2023-01-15 14:00:00,93.38,93.84,92.89,92.37,2185
2023-01-15 15:00:00,96.13,97.19,95.06,95.65,8842
2023-01-15 16:00:00,97.78,98.82,97.18,98.12,6145
2023-01-15 17:00:00,97.47,98.8,97.4,97.16,3588
2023-01-15 18:00:00,97.43,98.44,96.12,96.69,7594
2023-01-15 19:00:00,95.48,96.54,94.83,95.41,8053
2023-01-15 20:00:00,95.44,95.96,93.82,94.91,1509
2023-01-15 21:00:00,94.89,96.07,94.38,94.82,6775
2023-01-15 22:00:00,95.51,96.57,94.12,95.33,7758
2023-01-15 23:00:00,93.93,95.17,93.65,93.68,3486
2023-01-16 00:00:00,94.9,95.23,94.86,94.92,2614
2023-01-16 01:00:00,97.81,98.55,96.33,97.51,7340
2023-01-16 02:00:00,97.6,99.4,96.69,96.87,2847
2023-01-16 03:00:00,98.38,99.02,96.66,98.32,3587
2023-01-16 04:00:00,99.74,99.95,99.67,99.38,1680
2023-01-16 05:00:00,98.94,99.11,98.86,99.03,1828
2023-01-16 06:00:00,99.38,101.05,98.05,98.74,1135
2023-01-16 07:00:00,99.41,100.23,98.23,99.91,6490
2023-01-16 08:00:00,99.6,100.72,98.69,100.11,9520
2023-01-16 09:00:00,98.06,98.33,97.85,98.2,6288
2023-01-16 10:00:00,98.11,99.14,96.96,98.0,6246
2023-01-16 11:00:00,99.09,99.13,98.76,98.28,9618
2023-01-16 12:00:00,101.96,103.11,101.62,102.25,9793
2023-01-16 13:00:00,103.92,104.98,103.02,103.85,7735
2023-01-16 14:00:00,108.4,108.54,107.5,108.16,7511
2023-01-16 15:00:00,106.73,108.45,106.71,106.69,6519
2023-01-16 16:00:00,108.59,110.0,107.84,108.32,2793
2023-01-16 17:00:00,108.99,109.28,108.6,109.3,1123
2023-01-16 18:00:00,113.77,114.66,112.98,113.24,1562
2023-01-16 19:00:00,111.93,112.86,110.02,111.76,6460
2023-01-16 20:00:00,110.05,110.68,109.78,110.32,9394
2023-01-16 21:00:00,108.73,109.24,107.2,108.84,6551
2023-01-16 22:00:00,104.11,105.01,103.18,103.71,4340
2023-01-16 23:00:00,103.01,103.05,102.86,103.41,5844
2023-01-17 00:00:00,101.45,102.25,100.05,101.6,8086
2023-01-17 01:00:00,101.76,102.49,99.58,101.37,3235
2023-01-17 02:00:00,102.45,103.07,100.69,103.47,9426
2023-01-17 03:00:00,106.29,107.11,105.79,105.35,1197
2023-01-17 04:00:00,108.32,108.34,106.24,108.31,9343
2023-01-17 05:00:00,107.07,107.8,106.8,106.86,4687
2023-01-17 06:00:00,105.14,106.46,104.29,105.0,1634
2023-01-17 07:00:00,106.18,106.47,105.6,105.62,8935
2023-01-17 08:00:00,103.37,103.96,102.37,103.2,3788
2023-01-17 09:00:00,107.16,107.82,107.05,106.27,5819
2023-01-17 10:00:00,109.69,111.17,108.24,109.95,3770
2023-01-17 11:00:00,108.66,109.25,107.41,107.92,5550
2023-01-17 12:00:00,104.93,105.18,104.04,105.03,2744
2023-01-17 13:00:00,107.78,110.99,107.33,108.23,8541
2023-01-17 14:00:00,107.53,107.98,106.88,108.63,2443
2023-01-17 15:00:00,110.19,111.44,109.1,110.49,7245
2023-01-17 16:00:00,106.68,107.12,106.36,107.2,5634
2023-01-17 17:00:00,105.4,106.37,105.1,105.62,4188
2023-01-17 18:00:00,105.41,105.64,105.08,106.69,3208
2023-01-17 19:00:00,105.51,105.97,105.35,105.2,3107
2023-01-17 20:00:00,104.56,105.63,102.38,103.73,5868
2023-01-17 21:00:00,105.86,107.85,104.71,106.42,2545
2023-01-17 22:00:00,103.6,106.33,103.6,103.77,5792
2023-01-17 23:00:00,103.31,104.26,103.05,102.83,2054
2023-01-18 00:00:00,103.55,104.48,103.13,103.04,4526
2023-01-18 01:00:00,104.62,105.3,104.48,104.71,5570
2023-01-18 02:00:00,106.11,106.43,106.06,107.5,6655
2023-01-18 03:00:00,103.72,104.88,102.59,104.16,1089
2023-01-18 04:00:00,100.54,100.82,98.77,100.73,8589
2023-01-18 05:00:00,103.11,103.51,100.96,103.01,8124
2023-01-18 06:00:00,103.79,105.16,103.58,103.38,4490
2023-01-18 07:00:00,102.24,102.31,101.96,102.72,5875
2023-01-18 08:00:00,105.41,106.05,105.19,106.04,4901
2023-01-18 09:00:00,105.66,106.18,104.52,105.29,4154
2023-01-18 10:00:00,108.15,108.82,107.95,107.82,7504
2023-01-18 11:00:00,108.29,110.68,106.9,108.82,1075
2023-01-18 12:00:00,112.76,113.49,111.47,112.64,8240
2023-01-18 13:00:00,116.72,116.72,116.4,117.6,1598
2023-01-18 14:00:00,116.14,116.67,114.44,116.54,8227
2023-01-18 15:00:00,118.39,119.33,117.04,118.43,7040
2023-01-18 16:00:00,119.92,121.6,119.08,119.65,9013
2023-01-18 17:00:00,123.2,123.79,122.76,123.34,7828
2023-01-18 18:00:00,120.82,122.88,119.53,120.94,6691
2023-01-18 19:00:00,122.48,123.64,122.37,121.74,7447
2023-01-18 20:00:00,125.08,126.14,124.26,124.39,2934
2023-01-18 21:00:00,120.68,121.62,119.65,120.58,5563
2023-01-18 22:00:00,117.82,118.89,116.03,118.12,8166
2023-01-18 23:00:00,113.01,114.18,111.97,112.39,3376
2023-01-19 00:00:00,112.41,112.6,111.78,111.75,2718
2023-01-19 01:00:00,114.02,115.04,112.86,114.42,6357
2023-01-19 02:00:00,117.45,118.44,116.0,117.77,7847
2023-01-19 03:00:00,117.62,118.35,116.5,118.46,4891
2023-01-19 04:00:00,121.45,121.87,119.55,121.51,3907
2023-01-19 05:00:00,118.1,118.41,117.31,117.93,9965
2023-01-19 06:00:00,114.07,114.46,113.71,114.34,1605
2023-01-19 07:00:00,113.95,115.7,112.62,113.49,8259
2023-01-19 08:00:00,114.82,115.99,114.54,114.8,8053
2023-01-19 09:00:00,114.75,114.9,112.67,115.12,6889
2023-01-19 10:00:00,110.0,110.69,108.54,110.22,6070
2023-01-19 11:00:00,109.81,111.01,108.75,109.99,6282
2023-01-19 12:00:00,106.94,107.1,106.92,106.75,7366
2023-01-19 13:00:00,108.37,110.07,106.91,108.08,6371
2023-01-19 14:00:00,109.17,109.57,106.88,109.51,6338
2023-01-19 15:00:00,107.12,108.07,107.05,106.77,7073
2023-01-19 16:00:00,106.02,107.14,104.45,107.06,7274
2023-01-19 17:00:00,103.77,103.77,102.41,104.22,2405
2023-01-19 18:00:00,103.64,104.92,101.89,103.93,5096
2023-01-19 19:00:00,105.62,106.55,104.61,105.87,2527
2023-01-19 20:00:00,103.54,105.15,102.65,103.75,9648
2023-01-19 21:00:00,104.58,105.07,103.56,106.18,4616
2023-01-19 22:00:00,103.47,103.72,102.28,103.67,6248
2023-01-19 23:00:00,101.83,102.04,100.06,102.4,1467
2023-01-20 00:00:00,101.61,101.69,101.15,101.71,8928
2023-01-20 01:00:00,99.51,100.26,99.18,99.91,2901
2023-01-20 02:00:00,98.41,99.03,97.62,98.85,9975
2023-01-20 03:00:00,96.05,96.66,95.77,96.09,5185
2023-01-20 04:00:00,99.82,100.34,99.63,99.72,1639
2023-01-20 05:00:00,99.9,100.64,99.24,99.54,5221
2023-01-20 06:00:00,98.5,98.98,98.22,98.37,9757
2023-01-20 07:00:00,98.92,99.16,97.23,98.69,8184
2023-01-20 08:00:00,98.7,99.88,97.67,98.46,3308
2023-01-20 09:00:00,98.26,98.61,96.91,97.7,1563
2023-01-20 10:00:00,99.47,100.06,98.91,99.26,8781
2023-01-20 11:00:00,100.97,101.91,99.04,100.9,6070
2023-01-20 12:00:00,99.9,100.26,99.6,99.99,2296
2023-01-20 13:00:00,98.75,101.41,97.34,99.14,5390
2023-01-20 14:00:00,98.21,98.29,97.39,98.66,1512
2023-01-20 15:00:00,93.69,94.2,92.58,92.6,7525
2023-01-20 16:00:00,90.85,92.51,90.11,91.07,3824
2023-01-20 17:00:00,93.33,93.68,92.19,93.4,9905
2023-01-20 18:00:00,96.4,96.67,95.59,96.38,7674
2023-01-20 19:00:00,95.92,97.27,92.73,95.22,8544
2023-01-20 20:00:00,97.03,97.95,96.67,96.2,5085
2023-01-20 21:00:00,97.63,98.54,97.15,97.8,2767
2023-01-20 22:00:00,103.64,105.62,101.96,104.79,3068
2023-01-20 23:00:00,105.97,106.13,103.74,106.42,6955
2023-01-21 00:00:00,105.69,105.92,104.53,105.38,2968
2023-01-21 01:00:00,103.67,104.54,103.22,103.45,3571
2023-01-21 02:00:00,100.34,101.45,100.12,100.95,4306
2023-01-21 03:00:00,100.75,101.27,100.63,100.33,8606
2023-01-21 04:00:00,99.23,99.75,98.75,98.68,2963
2023-01-21 05:00:00,96.41,97.06,96.06,96.66,3369
2023-01-21 06:00:00,95.16,95.67,93.99,94.86,5124
2023-01-21 07:00:00,93.1,93.53,92.43,92.98,5375
2023-01-21 08:00:00,96.24,97.14,95.6,96.38,5212
2023-01-21 09:00:00,97.94,98.12,96.38,97.84,2390
2023-01-21 10:00:00,97.92,100.61,97.43,97.67,8447
2023-01-21 11:00:00,100.82,102.22,100.22,100.26,5595
2023-01-21 12:00:00,100.98,101.75,100.76,101.23,1452
2023-01-21 13:00:00,99.24,103.13,99.18,98.98,4943
2023-01-21 14:00:00,102.26,102.56,101.97,102.24,3137
2023-01-21 15:00:00,103.36,103.8,103.11,102.9,3529
2023-01-21 16:00:00,101.22,101.64,100.08,100.99,7756
2023-01-21 17:00:00,100.83,102.1,100.51,100.61,3132
2023-01-21 18:00:00,99.07,99.75,97.24,98.98,1595
2023-01-21 19:00:00,96.33,96.97,94.85,96.39,3109
2023-01-21 20:00:00,98.11,98.3,98.05,98.16,9398
2023-01-21 21:00:00,101.86,102.12,101.15,101.11,7106
2023-01-21 22:00:00,99.01,99.87,98.56,98.57,3534
2023-01-21 23:00:00,100.12,101.08,99.13,100.64,6604
2023-01-22 00:00:00,98.82,99.42,98.6,98.01,4090
2023-01-22 01:00:00,97.86,98.24,97.4,97.29,9357
2023-01-22 02:00:00,96.7,97.01,95.59,96.74,3219
2023-01-22 03:00:00,95.03,97.87,93.06,94.85,7760
2023-01-22 04:00:00,95.12,95.56,93.67,94.67,4621
2023-01-22 05:00:00,93.54,95.17,93.29,93.82,7219
2023-01-22 06:00:00,94.05,94.82,93.47,93.8,4869
2023-01-22 07:00:00,93.95,94.94,93.74,94.76,3591
2023-01-22 08:00:00,93.5,95.29,93.44,92.86,2479
2023-01-22 09:00:00,91.81,93.63,91.69,91.34,9121
2023-01-22 10:00:00,90.75,91.89,89.98,90.99,8388
2023-01-22 11:00:00,92.12,92.3,90.36,92.49,9085
2023-01-22 12:00:00,93.04,94.58,92.15,92.98,6191
2023-01-22 13:00:00,91.22,91.31,90.28,91.18,9825
2023-01-22 14:00:00,91.4,92.79,90.85,91.44,5790
2023-01-22 15:00:00,92.78,92.97,91.16,93.05,9444
2023-01-22 16:00:00,89.68,91.39,88.91,89.49,3038
2023-01-22 17:00:00,90.65,92.36,89.37,90.95,6198
2023-01-22 18:00:00,89.45,90.42,89.03,89.41,4157
2023-01-22 19:00:00,90.47,91.67,89.43,90.24,3953
2023-01-22 20:00:00,89.09,90.44,86.57,88.89,4428
2023-01-22 21:00:00,85.88,86.35,85.46,86.07,4461
2023-01-22 22:00:00,83.08,84.63,82.76,83.16,5784
2023-01-22 23:00:00,83.16,83.53,83.14,82.95,4669
2023-01-23 00:00:00,83.59,83.97,82.77,83.62,7432
2023-01-23 01:00:00,82.08,82.45,81.97,81.79,2047
2023-01-23 02:00:00,83.13,83.64,83.0,82.88,4191
2023-01-23 03:00:00,80.37,80.55,78.61,80.83,8502
2023-01-23 04:00:00,80.26,80.6,79.3,79.71,1952
2023-01-23 05:00:00,78.32,78.87,77.48,77.62,7082
2023-01-23 06:00:00,77.29,77.72,77.14,76.83,2411
2023-01-23 07:00:00,77.37,77.67,76.44,77.26,8913
2023-01-23 08:00:00,76.04,77.19,75.79,76.7,9623
2023-01-23 09:00:00,75.45,75.47,75.19,75.36,9408
2023-01-23 10:00:00,76.97,77.14,76.44,76.48,7771
2023-01-23 11:00:00,76.08,77.38,74.57,76.22,4856
2023-01-23 12:00:00,77.35,77.95,76.93,77.44,5862
2023-01-23 13:00:00,75.61,75.79,75.43,76.05,4411
2023-01-23 14:00:00,76.41,76.55,76.17,76.39,5626
2023-01-23 15:00:00,78.61,79.57,78.08,77.92,3926
2023-01-23 16:00:00,74.72,74.79,74.41,74.4,7039
2023-01-23 17:00:00,73.53,74.47,72.54,73.36,3393
2023-01-23 18:00:00,74.38,75.61,73.59,74.11,9446
2023-01-23 19:00:00,74.08,74.35,73.75,73.65,3004
2023-01-23 20:00:00,74.63,74.97,73.23,74.2,2538
2023-01-23 21:00:00,73.73,73.94,72.63,73.55,9081
2023-01-23 22:00:00,73.86,74.0,73.3,74.24,2467
2023-01-23 23:00:00,73.63,74.84,73.35,73.44,8815
2023-01-24 00:00:00,75.35,75.45,74.79,74.63,1257
2023-01-24 01:00:00,75.73,76.73,75.59,75.74,8086
2023-01-24 02:00:00,76.24,76.31,76.21,75.58,9764
2023-01-24 03:00:00,75.61,76.74,74.3,75.74,7384
2023-01-24 04:00:00,74.88,75.23,74.67,75.19,1455
2023-01-24 05:00:00,74.23,75.81,73.33,74.13,8250
2023-01-24 06:00:00,74.81,75.34,74.28,74.77,4037
2023-01-24 07:00:00,74.18,74.85,73.68,73.9,1461
2023-01-24 08:00:00,74.61,76.78,74.33,74.23,5769
2023-01-24 09:00:00,77.71,78.98,77.51,77.25,8248
2023-01-24 10:00:00,79.06,79.54,78.7,78.88,4249
2023-01-24 11:00:00,78.55,79.09,77.21,78.21,1510
2023-01-24 12:00:00,80.44,80.51,80.1,80.06,6773
2023-01-24 13:00:00,79.78,80.26,79.36,79.65,9061
2023-01-24 14:00:00,76.53,77.29,75.95,75.97,7051
2023-01-24 15:00:00,74.98,75.36,74.6,75.35,8419
2023-01-24 16:00:00,72.18,72.98,71.94,71.9,7041
2023-01-24 17:00:00,71.67,72.62,71.4,71.6,9933
2023-01-24 18:00:00,71.7,72.34,70.39,71.55,5209
2023-01-24 19:00:00,74.1,74.63,73.13,74.76,4847
2023-01-24 20:00:00,74.59,75.12,73.18,74.45,9409
2023-01-24 21:00:00,74.26,74.58,73.57,74.46,6005
2023-01-24 22:00:00,75.49,76.21,74.98,75.2,8790
2023-01-24 23:00:00,72.15,72.75,71.83,72.48,7088
2023-01-25 00:00:00,72.49,73.7,71.39,72.76,4861
2023-01-25 01:00:00,73.61,74.92,72.93,73.33,3036
2023-01-25 02:00:00,71.43,72.18,70.89,71.92,2968
2023-01-25 03:00:00,73.07,73.58,72.28,73.19,1404
2023-01-25 04:00:00,73.56,74.18,72.64,73.85,3987
2023-01-25 05:00:00,72.95,72.98,72.72,72.94,1734
2023-01-25 06:00:00,73.87,74.67,72.46,73.4,3663
2023-01-25 07:00:00,77.23,77.38,77.06,77.26,1453
2023-01-25 08:00:00,77.51,77.65,76.78,77.51,1624
2023-01-25 09:00:00,77.89,80.13,77.74,77.58,4068
2023-01-25 10:00:00,77.18,77.31,76.58,77.35,3640
2023-01-25 11:00:00,75.87,76.42,74.42,75.96,9102
2023-01-25 12:00:00,77.13,77.62,76.31,77.27,3662
2023-01-25 13:00:00,75.81,75.92,75.31,75.38,6703
2023-01-25 14:00:00,75.92,76.1,75.88,75.57,6985
2023-01-25 15:00:00,75.19,76.07,73.71,75.46,2211
2023-01-25 16:00:00,75.91,76.09,75.42,75.83,7560
2023-01-25 17:00:00,76.42,77.08,76.13,76.52,1000
2023-01-25 18:00:00,78.0,78.72,76.95,78.46,9618
2023-01-25 19:00:00,77.21,77.31,76.74,78.27,1765
2023-01-25 20:00:00,76.79,78.44,76.12,76.19,3162
2023-01-25 21:00:00,75.29,76.42,75.07,75.05,1869
2023-01-25 22:00:00,74.62,75.68,72.76,75.09,3942
2023-01-25 23:00:00,75.18,75.44,74.57,74.57,7052
2023-01-26 00:00:00,76.32,77.2,75.45,76.45,2154
2023-01-26 01:00:00,74.91,75.61,73.61,75.17,7305
2023-01-26 02:00:00,76.21,76.62,75.94,76.89,6572
2023-01-26 03:00:00,78.28,78.28,77.92,77.6,6553
2023-01-26 04:00:00,78.93,79.21,78.6,78.91,6270
2023-01-26 05:00:00,81.89,82.7,81.19,81.93,1513
2023-01-26 06:00:00,80.62,80.78,79.89,80.0,6739
2023-01-26 07:00:00,78.62,78.82,77.07,78.61,3270
2023-01-26 08:00:00,75.82,76.51,74.65,76.42,4283
2023-01-26 09:00:00,78.09,78.54,77.68,78.93,2709
2023-01-26 10:00:00,79.11,79.51,77.69,79.39,1188
2023-01-26 11:00:00,79.02,79.21,78.73,78.96,7898
2023-01-26 12:00:00,79.46,80.28,78.49,79.08,7806
2023-01-26 13:00:00,77.68,78.94,75.92,77.22,9412
2023-01-26 14:00:00,81.48,81.9,81.2,81.65,4400
2023-01-26 15:00:00,81.69,81.75,81.54,81.48,5553
2023-01-26 16:00:00,81.87,82.24,81.06,81.39,2036
2023-01-26 17:00:00,83.05,84.45,82.88,83.45,4485
2023-01-26 18:00:00,83.85,84.45,82.21,83.63,8323
2023-01-26 19:00:00,84.23,84.38,84.08,84.44,9591
2023-01-26 20:00:00,82.9,82.96,81.91,83.5,4613
2023-01-26 21:00:00,83.68,85.19,82.98,83.53,4525
2023-01-26 22:00:00,86.83,87.27,86.2,87.77,8847
2023-01-26 23:00:00,89.16,90.23,87.52,89.57,8227
2023-01-27 00:00:00,92.01,92.76,91.93,92.4,4566
2023-01-27 01:00:00,91.06,91.19,90.36,90.86,2363
2023-01-27 02:00:00,89.26,91.02,88.02,89.49,8455
2023-01-27 03:00:00,89.04,90.36,89.0,88.67,6670
2023-01-27 04:00:00,89.14,89.57,88.63,89.22,2119
2023-01-27 05:00:00,91.09,91.18,90.58,90.72,1362
2023-01-27 06:00:00,88.0,88.39,85.78,88.3,7050
2023-01-27 07:00:00,90.7,90.81,89.45,90.66,9554
2023-01-27 08:00:00,90.41,91.02,90.05,91.31,4428
2023-01-27 09:00:00,89.64,90.38,89.52,89.37,9121
2023-01-27 10:00:00,87.82,88.96,87.36,87.56,8384
2023-01-27 11:00:00,84.92,84.98,84.64,85.43,4177
2023-01-27 12:00:00,86.31,86.53,85.12,86.51,8059
2023-01-27 13:00:00,86.44,87.39,85.13,87.2,9621
2023-01-27 14:00:00,84.21,86.12,83.46,84.45,6144
2023-01-27 15:00:00,82.03,83.08,80.88,82.26,5710
2023-01-27 16:00:00,81.48,82.05,80.55,81.43,2470
2023-01-27 17:00:00,84.2,84.88,83.76,83.97,4480
2023-01-27 18:00:00,83.76,83.87,83.29,82.53,4445
2023-01-27 19:00:00,81.24,82.91,81.08,81.32,5551
2023-01-27 20:00:00,80.84,82.22,79.31,80.91,9638
2023-01-27 21:00:00,80.4,81.23,78.71,80.64,1410
2023-01-27 22:00:00,76.07,76.41,75.9,76.03,2109
2023-01-27 23:00:00,75.98,76.05,74.74,76.03,4223
2023-01-28 00:00:00,75.63,76.37,74.04,76.07,4697
2023-01-28 01:00:00,76.69,77.75,74.66,76.56,1216
2023-01-28 02:00:00,79.52,80.33,79.11,80.13,3838
2023-01-28 03:00:00,81.31,81.85,80.18,81.08,1872
2023-01-28 04:00:00,80.88,81.28,80.44,81.08,5275
2023-01-28 05:00:00,79.09,80.62,78.38,78.57,8041
2023-01-28 06:00:00,83.16,83.19,83.11,82.95,4687
2023-01-28 07:00:00,83.26,84.4,82.76,83.7,7577
2023-01-28 08:00:00,83.28,84.7,81.82,83.46,8797
2023-01-28 09:00:00,83.24,83.63,83.11,83.09,2259
2023-01-28 10:00:00,83.57,84.64,81.72,83.78,9968
2023-01-28 11:00:00,83.33,85.4,82.99,82.98,4564
2023-01-28 12:00:00,82.37,82.85,81.4,82.29,4765
2023-01-28 13:00:00,81.47,83.15,80.54,80.76,6180
2023-01-28 14:00:00,81.42,81.5,80.41,82.27,2890
2023-01-28 15:00:00,80.53,81.82,79.56,80.28,6075
2023-01-28 16:00:00,79.38,80.08,78.53,79.93,7615
2023-01-28 17:00:00,79.55,79.8,79.34,80.52,2198
2023-01-28 18:00:00,79.15,79.57,77.91,79.28,3593
2023-01-28 19:00:00,81.53,83.58,81.53,81.43,3570
2023-01-28 20:00:00,77.2,77.7,77.11,77.16,1822
2023-01-28 21:00:00,78.89,79.92,78.22,79.73,4666
2023-01-28 22:00:00,80.86,81.63,80.81,80.95,9015
2023-01-28 23:00:00,77.5,78.34,76.53,77.66,4867
2023-01-29 00:00:00,76.97,77.22,76.82,76.48,3419
2023-01-29 01:00:00,76.4,76.62,75.92,76.11,3757
2023-01-29 02:00:00,74.25,75.83,73.26,74.96,1734
2023-01-29 03:00:00,73.09,73.99,72.01,73.13,3549
2023-01-29 04:00:00,71.47,72.36,71.19,71.85,9394
2023-01-29 05:00:00,73.98,74.42,73.9,74.35,6081
2023-01-29 06:00:00,75.36,76.31,74.5,74.99,8917
2023-01-29 07:00:00,77.28,78.06,77.06,77.45,2985
2023-01-29 08:00:00,78.39,80.0,78.39,78.7,7840
2023-01-29 09:00:00,76.62,77.23,76.0,75.97,2887
2023-01-29 10:00:00,75.82,75.84,75.73,75.75,8037
2023-01-29 11:00:00,76.56,76.86,75.98,76.96,9690
2023-01-29 12:00:00,74.69,75.43,74.48,75.14,6175
2023-01-29 13:00:00,75.75,76.43,75.74,75.2,3809
2023-01-29 14:00:00,75.39,76.82,74.68,75.08,4647
2023-01-29 15:00:00,74.82,75.4,74.2,74.59,8050
2023-01-29 16:00:00,75.89,76.07,75.32,76.05,8615
2023-01-29 17:00:00,76.56,76.77,75.41,76.12,1561
2023-01-29 18:00:00,76.01,76.76,75.98,75.7,8279
2023-01-29 19:00:00,77.77,78.64,77.48,78.05,8728
2023-01-29 20:00:00,76.09,76.4,75.67,76.26,9505
2023-01-29 21:00:00,77.03,77.66,76.15,77.5,5505
2023-01-29 22:00:00,77.94,78.07,76.22,77.8,8221
2023-01-29 23:00:00,77.46,78.02,77.36,77.59,6960
2023-01-30 00:00:00,77.96,78.54,77.5,77.91,8726
2023-01-30 01:00:00,76.01,76.27,75.71,75.74,7677
2023-01-30 02:00:00,77.42,78.3,76.78,77.39,1482
2023-01-30 03:00:00,77.13,77.19,76.98,77.83,8641
2023-01-30 04:00:00,76.33,77.18,76.03,76.39,2702
2023-01-30 05:00:00,77.93,78.89,77.86,78.63,6438
2023-01-30 06:00:00,76.83,77.81,76.71,77.03,1948
2023-01-30 07:00:00,74.67,75.29,74.31,75.02,7273
2023-01-30 08:00:00,72.34,72.97,72.11,72.13,4670
2023-01-30 09:00:00,73.22,73.46,73.16,73.29,6682
2023-01-30 10:00:00,71.34,72.0,70.75,71.29,7979
2023-01-30 11:00:00,73.85,74.07,73.09,73.73,1096
2023-01-30 12:00:00,70.77,71.07,70.74,70.26,4096
2023-01-30 13:00:00,73.17,74.14,71.18,73.52,8919
2023-01-30 14:00:00,73.48,75.86,71.79,73.42,6968
2023-01-30 15:00:00,73.34,73.42,72.2,73.98,4799
2023-01-30 16:00:00,72.54,72.99,72.12,72.72,4770
2023-01-30 17:00:00,73.12,73.9,71.91,73.01,7769
2023-01-30 18:00:00,73.06,74.54,72.96,73.35,4105
2023-01-30 19:00:00,74.68,74.77,73.62,74.52,1002
2023-01-30 20:00:00,74.85,75.38,74.46,74.97,4874
2023-01-30 21:00:00,75.07,75.2,75.05,74.68,4139
2023-01-30 22:00:00,74.53,75.59,73.43,74.31,1320
2023-01-30 23:00:00,74.44,74.69,74.36,74.27,8221
2023-01-31 00:00:00,74.9,75.42,73.42,74.94,8753
2023-01-31 01:00:00,72.34,73.81,72.18,72.88,9899
2023-01-31 02:00:00,70.39,70.61,70.38,70.1,5845
2023-01-31 03:00:00,71.43,72.02,71.23,71.23,4110
2023-01-31 04:00:00,71.68,72.15,71.28,72.04,1005
2023-01-31 05:00:00,71.41,71.77,70.65,71.13,3102
2023-01-31 06:00:00,71.44,72.71,71.1,70.79,8883
2023-01-31 07:00:00,71.94,72.82,71.93,72.27,3971
2023-01-31 08:00:00,71.16,71.27,70.93,70.79,2478
2023-01-31 09:00:00,70.05,70.87,69.78,70.15,6714
2023-01-31 10:00:00,70.33,70.45,69.41,70.53,2519
2023-01-31 11:00:00,68.95,69.24,67.87,68.97,9413
2023-01-31 12:00:00,69.51,69.63,69.37,69.17,4393
2023-01-31 13:00:00,67.15,67.83,66.52,66.4,2438
2023-01-31 14:00:00,68.53,69.14,68.18,68.54,8167
2023-01-31 15:00:00,69.18,70.54,68.63,69.63,2401
2023-01-31 16:00:00,69.53,70.13,69.46,69.09,1358
2023-01-31 17:00:00,70.9,72.17,70.8,71.04,1387
2023-01-31 18:00:00,73.26,73.55,72.39,73.11,9831
2023-01-31 19:00:00,74.75,74.95,73.76,74.53,4083
2023-01-31 20:00:00,71.99,72.84,71.64,72.42,1621
2023-01-31 21:00:00,70.15,70.49,69.27,69.76,6720
2023-01-31 22:00:00,69.27,69.95,69.0,69.7,4439
2023-01-31 23:00:00,69.31,69.57,69.12,69.19,3137
2023-02-01 00:00:00,70.03,70.71,69.07,70.59,4262
2023-02-01 01:00:00,69.01,69.58,68.68,69.2,5221
2023-02-01 02:00:00,69.27,69.63,68.93,69.72,1228
2023-02-01 03:00:00,68.22,68.98,67.47,68.61,1501
2023-02-01 04:00:00,67.39,68.33,66.99,67.14,2324
2023-02-01 05:00:00,65.49,65.62,65.14,65.41,9197
2023-02-01 06:00:00,64.28,64.29,64.14,64.16,9334
2023-02-01 07:00:00,62.55,63.0,62.13,62.29,5920
2023-02-01 08:00:00,61.32,61.41,60.71,60.9,2496
2023-02-01 09:00:00,62.62,62.72,62.46,62.8,4348
2023-02-01 10:00:00,61.43,61.88,60.7,61.72,1446
2023-02-01 11:00:00,64.66,64.82,64.51,64.12,3042
2023-02-01 12:00:00,65.3,65.5,65.19,64.7,9653
2023-02-01 13:00:00,65.54,66.13,65.16,64.59,4164
2023-02-01 14:00:00,64.42,64.51,63.87,64.64,4076
2023-02-01 15:00:00,65.32,65.7,64.57,65.25,4269
2023-02-01 16:00:00,64.57,65.47,64.11,64.71,4555
2023-02-01 17:00:00,64.72,64.97,64.64,64.54,7063
2023-02-01 18:00:00,68.04,69.14,67.82,68.49,2677
2023-02-01 19:00:00,67.91,68.86,67.71,68.46,2836
2023-02-01 20:00:00,69.47,70.17,68.88,68.95,9705
2023-02-01 21:00:00,68.49,68.55,67.89,67.6,9081
2023-02-01 22:00:00,68.44,69.71,68.29,68.32,2111
2023-02-01 23:00:00,70.87,72.01,70.33,70.45,8551
2023-02-02 00:00:00,69.98,70.8,69.86,70.21,7581
2023-02-02 01:00:00,72.52,73.62,71.17,72.83,6836
2023-02-02 02:00:00,73.54,73.8,72.97,73.68,4542
2023-02-02 03:00:00,72.71,73.61,71.87,72.68,4060
2023-02-02 04:00:00,73.63,74.03,73.32,73.53,2489
2023-02-02 05:00:00,75.07,76.03,74.83,75.76,6717
2023-02-02 06:00:00,76.0,76.44,75.54,75.96,6037
2023-02-02 07:00:00,73.61,73.79,73.31,73.94,4918
2023-02-02 08:00:00,72.54,72.58,71.99,72.32,3724
2023-02-02 09:00:00,72.18,72.45,70.39,72.64,6405
2023-02-02 10:00:00,72.08,72.36,71.28,72.2,7548
2023-02-02 11:00:00,72.97,73.03,72.91,73.02,6325
2023-02-02 12:00:00,73.23,73.65,72.46,73.73,5408
2023-02-02 13:00:00,71.27,72.44,69.81,71.4,5673
2023-02-02 14:00:00,71.82,72.21,71.42,72.51,4939
2023-02-02 15:00:00,72.69,73.26,72.37,72.07,4123
2023-02-02 16:00:00,73.51,75.03,73.49,72.74,9284
2023-02-02 17:00:00,75.1,75.34,75.07,74.99,7665
2023-02-02 18:00:00,76.35,77.01,76.32,76.36,6527
2023-02-02 19:00:00,77.05,77.41,76.97,76.44,4862
2023-02-02 20:00:00,76.94,77.32,76.45,76.95,7918
2023-02-02 21:00:00,74.39,75.43,74.3,74.14,2072
2023-02-02 22:00:00,75.02,75.08,74.59,74.84,4795
2023-02-02 23:00:00,75.34,75.86,75.29,75.13,6198
2023-02-03 00:00:00,75.75,77.15,75.15,75.49,4301
2023-02-03 01:00:00,73.81,74.05,73.65,73.69,9696
2023-02-03 02:00:00,72.22,73.37,71.64,72.53,5100
2023-02-03 03:00:00,73.74,74.78,72.54,73.7,3537
2023-02-03 04:00:00,73.68,74.06,73.52,73.67,9215
2023-02-03 05:00:00,74.68,75.2,73.99,75.51,3247
2023-02-03 06:00:00,74.73,75.42,74.41,74.99,1896
2023-02-03 07:00:00,74.77,76.87,73.75,74.16,1717
2023-02-03 08:00:00,76.17,76.52,76.02,75.78,6235
2023-02-03 09:00:00,75.39,75.54,75.01,75.92,8918
2023-02-03 10:00:00,75.53,76.1,75.32,75.17,3787
2023-02-03 11:00:00,74.83,75.07,74.26,75.25,3708
2023-02-03 12:00:00,74.18,74.61,73.66,73.61,6549
2023-02-03 13:00:00,73.72,73.83,73.66,73.63,5217
2023-02-03 14:00:00,74.05,74.34,73.83,74.29,4829
2023-02-03 15:00:00,73.34,73.85,73.08,73.36,1309
2023-02-03 16:00:00,75.18,76.17,75.02,75.51,4491
2023-02-03 17:00:00,73.84,73.9,73.71,73.9,9418
2023-02-03 18:00:00,73.56,74.37,72.52,73.52,3989
2023-02-03 19:00:00,72.92,73.08,72.17,73.2,9364
2023-02-03 20:00:00,75.03,75.47,74.58,74.98,4485
2023-02-03 21:00:00,75.32,75.38,74.58,74.91,9846
2023-02-03 22:00:00,76.88,77.91,76.19,76.85,8216
2023-02-03 23:00:00,74.59,74.77,73.8,74.52,2625
2023-02-04 00:00:00,74.99,75.85,74.41,75.57,5001
2023-02-04 01:00:00,76.32,77.49,75.68,76.61,1526
2023-02-04 02:00:00,76.45,76.64,75.01,76.28,4599
2023-02-04 03:00:00,78.08,78.89,77.99,77.83,8959
2023-02-04 04:00:00,77.27,77.51,76.42,76.93,7309
2023-02-04 05:00:00,79.45,80.88,79.34,78.41,1066
2023-02-04 06:00:00,83.1,83.99,82.05,83.06,9811
2023-02-04 07:00:00,82.5,82.82,82.44,81.38,9189
2023-02-04 08:00:00,81.76,82.27,80.42,81.92,5111
2023-02-04 09:00:00,84.14,84.4,82.16,83.92,9700
2023-02-04 10:00:00,86.8,87.25,86.59,86.77,1618
2023-02-04 11:00:00,85.89,86.86,84.0,86.46,8899
2023-02-04 12:00:00,85.17,85.62,84.76,84.89,9746
2023-02-04 13:00:00,84.69,84.76,83.11,84.74,5224
2023-02-04 14:00:00,82.41,82.77,81.76,82.29,3680
2023-02-04 15:00:00,80.9,81.1,80.77,81.51,3047
2023-02-04 16:00:00,79.27,79.66,78.51,79.2,9893
2023-02-04 17:00:00,78.06,78.44,77.02,78.03,9020
2023-02-04 18:00:00,78.0,79.42,77.73,78.11,3536
2023-02-04 19:00:00,78.37,78.77,78.29,77.93,6453
2023-02-04 20:00:00,80.8,81.13,80.75,80.96,4895
2023-02-04 21:00:00,79.18,79.39,77.83,80.23,4502
2023-02-04 22:00:00,80.74,81.63,79.48,79.53,3508
2023-02-04 23:00:00,80.4,80.86,79.07,80.64,3511
2023-02-05 00:00:00,80.32,80.41,79.82,80.52,3329
2023-02-05 01:00:00,81.4,83.73,80.93,81.3,3728
2023-02-05 02:00:00,79.57,80.21,78.09,79.59,1127
2023-02-05 03:00:00,80.18,80.63,79.91,79.52,7236
2023-02-05 04:00:00,80.45,80.71,79.0,79.49,2522
2023-02-05 05:00:00,81.24,81.93,79.2,81.23,3045
2023-02-05 06:00:00,81.71,83.24,81.37,81.83,6502
2023-02-05 07:00:00,85.72,85.73,84.62,85.46,2534
2023-02-05 08:00:00,84.63,85.95,83.63,85.24,5357
2023-02-05 09:00:00,83.73,84.02,83.43,84.3,4078
2023-02-05 10:00:00,82.69,83.18,82.11,82.7,3347
2023-02-05 11:00:00,81.77,83.03,79.4,82.01,9702
2023-02-05 12:00:00,80.73,81.6,80.56,80.81,8811
2023-02-05 13:00:00,82.65,83.55,81.3,82.9,4348
2023-02-05 14:00:00,85.0,85.07,84.24,85.42,3195
2023-02-05 15:00:00,84.03,84.27,83.39,83.5,9060
2023-02-05 16:00:00,82.63,82.68,82.22,82.75,7189
2023-02-05 17:00:00,83.41,85.07,82.62,83.03,1464
2023-02-05 18:00:00,82.48,82.59,82.05,81.92,5419
2023-02-05 19:00:00,83.53,84.43,82.69,83.28,3785
2023-02-05 20:00:00,83.87,83.92,83.56,84.75,9850
2023-02-05 21:00:00,81.33,82.55,80.69,80.87,7443
2023-02-05 22:00:00,83.84,84.5,83.67,83.65,6365
2023-02-05 23:00:00,86.85,87.01,86.14,87.15,8574
2023-02-06 00:00:00,85.79,87.06,85.61,86.31,5903
2023-02-06 01:00:00,85.12,86.42,84.8,84.83,3148
2023-02-06 02:00:00,85.61,85.97,84.44,85.19,4300
2023-02-06 03:00:00,86.18,86.79,85.93,86.15,9591
2023-02-06 04:00:00,87.32,87.87,86.68,87.23,3401
2023-02-06 05:00:00,90.83,91.25,89.44,90.84,8724
2023-02-06 06:00:00,90.51,90.88,89.6,90.0,1548
2023-02-06 07:00:00,89.06,90.07,87.53,88.65,7240
2023-02-06 08:00:00,86.61,87.27,85.71,86.35,5016
2023-02-06 09:00:00,85.34,86.11,84.54,85.81,9886
2023-02-06 10:00:00,85.28,85.86,84.3,85.6,2407
2023-02-06 11:00:00,88.34,88.52,87.97,89.03,3471
2023-02-06 12:00:00,87.43,89.23,87.15,87.84,6123
2023-02-06 13:00:00,87.82,87.99,87.54,88.82,1460
2023-02-06 14:00:00,87.79,87.83,86.4,87.38,5537
2023-02-06 15:00:00,89.88,90.38,88.84,89.5,5175
2023-02-06 16:00:00,94.42,94.8,93.74,94.53,8271
2023-02-06 17:00:00,93.42,93.72,93.04,93.55,6795
2023-02-06 18:00:00,92.5,92.76,91.4,92.23,5758
2023-02-06 19:00:00,94.44,96.42,94.34,94.28,1733
2023-02-06 20:00:00,95.72,97.39,95.2,95.2,7224
2023-02-06 21:00:00,99.26,99.39,98.76,99.48,1938
2023-02-06 22:00:00,100.42,102.8,98.37,100.57,8811
2023-02-06 23:00:00,99.7,100.47,99.27,100.25,1677
2023-02-07 00:00:00,100.87,101.49,100.47,100.53,9486
2023-02-07 01:00:00,103.11,104.59,101.95,103.3,7393
2023-02-07 02:00:00,104.8,105.14,104.24,105.24,4068
2023-02-07 03:00:00,105.87,107.3,105.53,105.78,1221
2023-02-07 04:00:00,108.12,109.29,107.11,108.39,6826
2023-02-07 05:00:00,110.65,111.84,110.26,110.17,9842
2023-02-07 06:00:00,113.71,113.85,112.75,113.65,8437
2023-02-07 07:00:00,115.19,115.63,114.76,116.25,1495
2023-02-07 08:00:00,114.8,116.02,111.93,114.92,3804
2023-02-07 09:00:00,115.14,115.84,114.28,115.16,9753
2023-02-07 10:00:00,117.92,118.33,115.3,118.73,6960
2023-02-07 11:00:00,115.99,117.25,114.84,116.53,3841
2023-02-07 12:00:00,116.85,117.26,115.86,116.91,8827
2023-02-07 13:00:00,115.93,116.49,115.78,116.49,5133
2023-02-07 14:00:00,115.99,116.26,115.34,115.67,4791
2023-02-07 15:00:00,118.96,119.79,118.59,118.02,2732
2023-02-07 16:00:00,119.41,120.07,118.6,118.26,5918
2023-02-07 17:00:00,119.53,120.44,119.29,119.33,6241
2023-02-07 18:00:00,116.27,116.85,115.7,116.94,1157
2023-02-07 19:00:00,118.01,118.36,117.9,117.66,8375
2023-02-07 20:00:00,119.53,120.92,117.94,118.61,1239
2023-02-07 21:00:00,124.71,125.53,123.77,125.58,6226
2023-02-07 22:00:00,123.94,124.98,122.5,123.58,2134
2023-02-07 23:00:00,124.48,125.92,124.0,123.98,8727
2023-02-08 00:00:00,125.1,125.24,124.62,125.3,6564
2023-02-08 01:00:00,129.05,130.71,128.14,129.68,8510
2023-02-08 02:00:00,128.8,129.4,127.83,127.9,9621
2023-02-08 03:00:00,129.52,130.89,129.42,129.22,2498
2023-02-08 04:00:00,131.1,132.2,130.37,131.07,9233
2023-02-08 05:00:00,131.59,133.68,130.98,131.34,7830
2023-02-08 06:00:00,130.41,131.56,130.41,130.67,3095
2023-02-08 07:00:00,130.92,132.17,130.3,130.34,6343
2023-02-08 08:00:00,133.73,134.8,132.29,132.28,9856
2023-02-08 09:00:00,130.98,132.55,129.63,130.3,4190
2023-02-08 10:00:00,131.33,133.41,130.79,131.19,9062
2023-02-08 11:00:00,129.49,129.98,129.11,129.01,9162
2023-02-08 12:00:00,132.59,133.46,132.49,131.8,2694
2023-02-08 13:00:00,128.55,129.91,127.81,128.37,2294
2023-02-08 14:00:00,127.11,127.34,125.95,126.85,2172
2023-02-08 15:00:00,128.07,128.51,126.6,128.42,1878
2023-02-08 16:00:00,132.08,132.72,130.66,132.41,7094
2023-02-08 17:00:00,131.91,134.64,130.54,132.87,3394
2023-02-08 18:00:00,130.44,130.51,129.72,130.55,8491
2023-02-08 19:00:00,135.35,136.63,133.87,136.16,9819
2023-02-08 20:00:00,131.43,132.4,130.59,131.57,9191
2023-02-08 21:00:00,125.65,126.03,123.73,124.79,4871
2023-02-08 22:00:00,126.75,129.06,126.0,126.99,3275
2023-02-08 23:00:00,125.48,126.22,125.32,125.33,9209
2023-02-09 00:00:00,122.92,124.63,121.89,123.46,1253
2023-02-09 01:00:00,124.66,125.86,122.85,123.77,2314
2023-02-09 02:00:00,125.27,125.94,124.45,124.6,6364
2023-02-09 03:00:00,123.86,125.98,123.55,124.12,8377
2023-02-09 04:00:00,120.68,121.71,119.2,121.56,2221
2023-02-09 05:00:00,122.79,122.81,122.17,122.27,1901
2023-02-09 06:00:00,124.39,125.39,123.66,123.92,4080
2023-02-09 07:00:00,124.14,124.41,124.1,124.2,4745
2023-02-09 08:00:00,128.72,129.45,127.65,128.86,9358
2023-02-09 09:00:00,125.97,127.21,124.42,125.96,5012
2023-02-09 10:00:00,122.13,123.37,121.0,121.85,6735
2023-02-09 11:00:00,120.44,121.74,120.2,120.07,5813
2023-02-09 12:00:00,120.33,120.34,120.14,120.16,8167
2023-02-09 13:00:00,120.91,122.47,119.79,121.05,4698
2023-02-09 14:00:00,120.33,122.3,118.75,119.67,1842
2023-02-09 15:00:00,121.18,121.48,120.29,120.77,7624
2023-02-09 16:00:00,118.14,118.22,115.76,118.99,2294
2023-02-09 17:00:00,121.55,122.18,120.13,122.94,5662
2023-02-09 18:00:00,121.35,121.37,121.23,121.08,7589
2023-02-09 19:00:00,124.07,126.21,123.23,123.71,6295
2023-02-09 20:00:00,124.92,125.75,124.0,125.6,4740
2023-02-09 21:00:00,126.06,126.59,125.3,125.81,7023
2023-02-09 22:00:00,127.49,128.36,123.78,127.83,4228
2023-02-09 23:00:00,128.64,130.21,128.63,128.75,5372
2023-02-10 00:00:00,130.29,131.35,130.12,130.14,7468
2023-02-10 01:00:00,133.75,135.61,133.44,135.52,2730
2023-02-10 02:00:00,134.28,136.45,133.97,134.11,9570
2023-02-10 03:00:00,136.18,137.04,133.17,136.56,5886
2023-02-10 04:00:00,135.94,136.37,134.66,136.11,5021
2023-02-10 05:00:00,139.85,140.98,138.89,140.33,2481
2023-02-10 06:00:00,137.96,138.95,137.74,137.52,5655
2023-02-10 07:00:00,142.93,145.31,141.17,143.62,6272
2023-02-10 08:00:00,142.82,143.5,141.31,143.4,7991
2023-02-10 09:00:00,138.73,140.06,137.3,139.81,9032
2023-02-10 10:00:00,139.08,139.41,138.28,140.11,7162
2023-02-10 11:00:00,137.19,138.15,136.27,136.68,3531
2023-02-10 12:00:00,139.5,141.51,138.82,139.44,4046
2023-02-10 13:00:00,137.68,138.01,137.27,137.86,2436
2023-02-10 14:00:00,136.45,137.14,134.71,136.53,3780
2023-02-10 15:00:00,131.29,131.91,129.6,130.88,8298
2023-02-10 16:00:00,130.1,130.85,129.94,131.02,5354
2023-02-10 17:00:00,123.8,124.4,123.19,124.14,2808
2023-02-10 18:00:00,119.87,120.37,119.45,119.92,1448
2023-02-10 19:00:00,121.7,121.74,121.54,120.98,6182
2023-02-10 20:00:00,123.61,124.5,123.47,124.23,1119
2023-02-10 21:00:00,124.66,125.31,122.13,125.98,5490
2023-02-10 22:00:00,122.25,122.51,121.65,123.22,5367
2023-02-10 23:00:00,122.13,122.16,121.64,121.55,2551
2023-02-11 00:00:00,122.13,122.48,120.96,121.64,6641
2023-02-11 01:00:00,119.3,119.34,118.38,118.92,8360
2023-02-11 02:00:00,122.88,122.89,122.37,123.87,2192
2023-02-11 03:00:00,125.04,125.4,122.54,126.31,1805
2023-02-11 04:00:00,124.49,125.86,124.17,124.34,8872
2023-02-11 05:00:00,124.55,125.06,124.07,124.14,1910
2023-02-11 06:00:00,125.07,126.95,123.47,124.66,6752
2023-02-11 07:00:00,119.97,120.83,119.03,119.39,8863
2023-02-11 08:00:00,119.37,120.56,119.07,118.67,7303
2023-02-11 09:00:00,117.74,118.04,117.27,117.9,5555
2023-02-11 10:00:00,115.39,116.13,115.36,114.05,8633
2023-02-11 11:00:00,114.74,115.64,110.98,114.27,5412
2023-02-11 12:00:00,118.86,119.19,118.52,117.86,5427
2023-02-11 13:00:00,120.39,121.56,118.57,120.64,8145
2023-02-11 14:00:00,119.01,121.5,118.81,118.85,9543
2023-02-11 15:00:00,120.37,120.85,119.31,120.06,5146
